structure,operation,records,operations,elapsed_ms,ops_per_second,disk_reads,disk_writes,size_bytes,result_count,supported
bplus_unclustered,build,10000,10000,4819.571399944834,2074.873296848442,2279,2530,1028096,10000,True
bplus_clustered,build,10000,10000,24611.141200060956,406.32004500365196,741315,10554,1032192,10000,True
extendible_hash,build,10000,10000,298.55760000646114,33494.37428417025,1590,1835,1003520,10000,True
bplus_unclustered,equality_fetch,10000,1000,381.5513999434188,2620.8788649400644,1377,0,1028096,1000,True
bplus_unclustered,range_fetch,10000,1000,1309.3792999861762,763.720642300178,83729,0,1028096,100506,True
bplus_clustered,equality_fetch,10000,1000,404.26330000627786,2473.6353757179313,1714,0,1032192,1000,True
bplus_clustered,range_fetch,10000,1000,1306.7348999902606,765.2661607243009,78233,0,1032192,100506,True
extendible_hash,equality_fetch,10000,1000,183.34490002598614,5454.201343251251,1365,0,1003520,1000,True
extendible_hash,range_fetch,10000,1000,0.0,0.0,0,0,1003520,0,False
bplus_unclustered,ordered_fetch,10000,10000,92.38770010415465,108239.51661018026,8310,0,1028096,10000,True
bplus_clustered,ordered_fetch,10000,10000,99.52469996642321,100477.56992358393,7927,0,1032192,10000,True
extendible_hash,ordered_fetch,10000,0,0.0,0.0,0,0,1003520,0,False
bplus_unclustered,mutation_insert,10000,500,255.7246999349445,1955.2276339641744,196,31,1085440,500,True
bplus_clustered,mutation_insert,10000,500,298.3115999959409,1676.0997561167699,362,31,1089536,500,True
extendible_hash,mutation_insert,10000,500,43.42940007336438,11512.93822054554,690,519,1040384,500,True
bplus_unclustered,mutation_remove,10000,500,473.259299993515,1056.5032742237743,685,681,1028096,500,True
bplus_clustered,mutation_remove,10000,500,7360.927100060508,67.9262263031908,77169,785,1032192,500,True
extendible_hash,mutation_remove,10000,500,350.2871999517083,1427.4001449922564,682,680,1003520,500,True
