structure,operation,records,operations,elapsed_ms,ops_per_second,disk_reads,disk_writes,size_bytes,result_count,supported
postgres_gist,build,1000,1000,215.446084002906,4641.532495835532,0,0,81920,1000,True
postgres_gist,radius_1000m,1000,20,910.126,21.97497928858202,2235,0,81920,43,True
postgres_gist,radius_5000m,1000,20,901.1240000000001,22.19450375309058,2405,0,81920,1103,True
postgres_gist,radius_10000m,1000,20,905.6300000000001,22.08407406998443,2441,0,81920,3975,True
postgres_gist,knn_10,1000,20,920.3859999999999,21.73001327703812,3858,0,81920,200,True
postgres_gist,knn_50,1000,20,910.825,21.958114895836193,4610,0,81920,1000,True
postgres_gist,knn_100,1000,20,911.6580000000001,21.938051330652502,5524,0,81920,2000,True
postgres_gist,build,10000,10000,226.2586669967277,44197.20195799009,0,0,745472,10000,True
postgres_gist,radius_1000m,10000,20,887.915,22.52467860099221,2818,0,745472,518,True
postgres_gist,radius_5000m,10000,20,885.55,22.584834283778445,4463,0,745472,11813,True
postgres_gist,radius_10000m,10000,20,893.829,22.37564455841106,4862,0,745472,39729,True
postgres_gist,knn_10,10000,20,895.0029999999999,22.346293811305664,3890,0,745472,200,True
postgres_gist,knn_50,10000,20,902.303,22.165503162463164,4711,0,745472,1000,True
postgres_gist,knn_100,10000,20,904.0589999999999,22.122449972844695,5726,0,745472,2000,True
postgres_gist,build,100000,100000,508.2627079973463,196748.6467658023,0,0,7364608,100000,True
postgres_gist,radius_1000m,100000,20,891.9819999999997,22.421977125098945,8802,0,7364608,5607,True
postgres_gist,radius_5000m,100000,20,1796.69,11.131580851454618,32959,0,7364608,119160,True
postgres_gist,radius_10000m,100000,20,7664.2930000000015,2.609503577172741,36436,0,7364608,398964,True
postgres_gist,knn_10,100000,20,911.905,21.93210915610727,3950,0,7364608,200,True
postgres_gist,knn_50,100000,20,914.2349999999999,21.876213446214596,4788,0,7364608,1000,True
postgres_gist,knn_100,100000,20,916.2659999999998,21.827722517260277,5819,0,7364608,2000,True
